Periodo;Nivel General y Aperturas;Indice
"periodo";"nivel_general_aperturas";"indice_icc"
"1/1/2022";"i_movimiento_de_tierras";100
"1/1/2022";"2_estructura";100
"1/1/2022";"e_albanileria";100
"1/1/2022";"4_yeseria";100
"1/1/2022";"m_instalacion_sanitaria_y_contraincendio";100
"1/1/2022";"6_instalacion_de_gas";100
"1/1/2022";"t_instalacion_electrica";100
"1/1/2022";"b_carpinteria_metalica_y_herreria";100
"1/1/2022";"n_carpinteria_de_madera";100
"1/1/2022";"io_ascensores";100
"1/1/2022";"ii_vidrios";100
"1/1/2022";"i2_pintura";100
"1/1/2022";"ie_otros_trabajos_y_gastos";100
"1/2/2022";"i_movimiento_de_tierras";103,812933254688
"1/2/2022";"2_estructura";104,410773484463
"1/2/2022";"e_albanileria";103,927129746759
"1/2/2022";"4_yeseria";104,401086250664
"1/2/2022";"m_instalacion_sanitaria_y_contraincendio";103,745420563839
"1/2/2022";"6_instalacion_de_gas";101,542653418102
"1/2/2022";"t_instalacion_electrica";103,949007322413
"1/2/2022";"b_carpinteria_metalica_y_herreria";105,61061404405
"1/2/2022";"n_carpinteria_de_madera";104,348301581399
"1/2/2022";"io_ascensores";100,573196712996
"1/2/2022";"ii_vidrios";102,077324810975
"1/2/2022";"i2_pintura";101,735606808807
"1/2/2022";"ie_otros_trabajos_y_gastos";103,472367445486
"1/3/2022";"i_movimiento_de_tierras";105,983075692185
"1/3/2022";"2_estructura";109,511396618843
"1/3/2022";"e_albanileria";109,514064023334
"1/3/2022";"4_yeseria";109,920892614676
"1/3/2022";"m_instalacion_sanitaria_y_contraincendio";108,375716376808
"1/3/2022";"6_instalacion_de_gas";107,360815518714
"1/3/2022";"t_instalacion_electrica";109,003925417076
"1/3/2022";"b_carpinteria_metalica_y_herreria";107,490549238831
"1/3/2022";"n_carpinteria_de_madera";109,423871913209
"1/3/2022";"io_ascensores";103,236278786649
"1/3/2022";"ii_vidrios";108,048172110063
"1/3/2022";"i2_pintura";106,142159995352
"1/3/2022";"ie_otros_trabajos_y_gastos";110,412349575103
"1/4/2022";"i_movimiento_de_tierras";109,294937307645
"1/4/2022";"2_estructura";112,213708956353
"1/4/2022";"e_albanileria";110,331880332928
"1/4/2022";"4_yeseria";111,724422929335
"1/4/2022";"m_instalacion_sanitaria_y_contraincendio";112,976240686068
"1/4/2022";"6_instalacion_de_gas";113,027152326858
"1/4/2022";"t_instalacion_electrica";111,585642032158
"1/4/2022";"b_carpinteria_metalica_y_herreria";114,817625852028
"1/4/2022";"n_carpinteria_de_madera";115,61823311971
"1/4/2022";"io_ascensores";108,985999797099
"1/4/2022";"ii_vidrios";112,447384831242
"1/4/2022";"i2_pintura";108,528437808633
"1/4/2022";"ie_otros_trabajos_y_gastos";112,296344175966
"1/5/2022";"i_movimiento_de_tierras";116,207156330847
"1/5/2022";"2_estructura";120,593009340138
"1/5/2022";"e_albanileria";118,783991749321
"1/5/2022";"4_yeseria";120,331778735463
"1/5/2022";"m_instalacion_sanitaria_y_contraincendio";118,309474781055
"1/5/2022";"6_instalacion_de_gas";118,418305792406
"1/5/2022";"t_instalacion_electrica";119,241148939382
"1/5/2022";"b_carpinteria_metalica_y_herreria";117,815597039978
"1/5/2022";"n_carpinteria_de_madera";122,011636300007
"1/5/2022";"io_ascensores";113,586791112915
"1/5/2022";"ii_vidrios";114,559786421389
"1/5/2022";"i2_pintura";113,938592923953
"1/5/2022";"ie_otros_trabajos_y_gastos";119,30856827817
"1/6/2022";"i_movimiento_de_tierras";123,694614939877
"1/6/2022";"2_estructura";129,332021954138
"1/6/2022";"e_albanileria";127,685700703403
"1/6/2022";"4_yeseria";130,488812798867
"1/6/2022";"m_instalacion_sanitaria_y_contraincendio";124,456463310757
"1/6/2022";"6_instalacion_de_gas";123,604766229717
"1/6/2022";"t_instalacion_electrica";126,755114365517
"1/6/2022";"b_carpinteria_metalica_y_herreria";122,189949352678
"1/6/2022";"n_carpinteria_de_madera";129,424309368096
"1/6/2022";"io_ascensores";118,704981231612
"1/6/2022";"ii_vidrios";121,086990412347
"1/6/2022";"i2_pintura";117,467902166967
"1/6/2022";"ie_otros_trabajos_y_gastos";127,482367255375
"1/7/2022";"i_movimiento_de_tierras";129,563226714477
"1/7/2022";"2_estructura";135,175454282845
"1/7/2022";"e_albanileria";131,557235055716
"1/7/2022";"4_yeseria";137,437274927682
"1/7/2022";"m_instalacion_sanitaria_y_contraincendio";143,25303297194
"1/7/2022";"6_instalacion_de_gas";140,967072889696
"1/7/2022";"t_instalacion_electrica";136,486562995395
"1/7/2022";"b_carpinteria_metalica_y_herreria";141,605242800636
"1/7/2022";"n_carpinteria_de_madera";147,838972855924
"1/7/2022";"io_ascensores";130,503702952217
"1/7/2022";"ii_vidrios";141,256138436355
"1/7/2022";"i2_pintura";135,676523557776
"1/7/2022";"ie_otros_trabajos_y_gastos";132,804509419973
"1/8/2022";"i_movimiento_de_tierras";137,878212727687
"1/8/2022";"2_estructura";144,802398998583
"1/8/2022";"e_albanileria";140,480698729363
"1/8/2022";"4_yeseria";147,346360469921
"1/8/2022";"m_instalacion_sanitaria_y_contraincendio";157,172037942127
"1/8/2022";"6_instalacion_de_gas";153,950846561564
"1/8/2022";"t_instalacion_electrica";148,531743036159
"1/8/2022";"b_carpinteria_metalica_y_herreria";162,62461138762
"1/8/2022";"n_carpinteria_de_madera";160,089896979374
"1/8/2022";"io_ascensores";144,473470630009
"1/8/2022";"ii_vidrios";153,931522332216
"1/8/2022";"i2_pintura";143,12147795271
"1/8/2022";"ie_otros_trabajos_y_gastos";139,938404212848
"1/9/2022";"i_movimiento_de_tierras";145,316031372457
"1/9/2022";"2_estructura";156,094474324938
"1/9/2022";"e_albanileria";152,930844163692
"1/9/2022";"4_yeseria";160,599799279769
"1/9/2022";"m_instalacion_sanitaria_y_contraincendio";169,502402394952
"1/9/2022";"6_instalacion_de_gas";162,596754734374
"1/9/2022";"t_instalacion_electrica";157,263908809542
"1/9/2022";"b_carpinteria_metalica_y_herreria";164,707427787427
"1/9/2022";"n_carpinteria_de_madera";168,450753516044
"1/9/2022";"io_ascensores";149,632241046972
"1/9/2022";"ii_vidrios";164,401940915114
"1/9/2022";"i2_pintura";148,242607331668
"1/9/2022";"ie_otros_trabajos_y_gastos";151,823159255527
"1/10/2022";"i_movimiento_de_tierras";157,655358488142
"1/10/2022";"2_estructura";167,99799166403
"1/10/2022";"e_albanileria";164,825841383923
"1/10/2022";"4_yeseria";173,209752641832
"1/10/2022";"m_instalacion_sanitaria_y_contraincendio";179,898446092904
"1/10/2022";"6_instalacion_de_gas";167,997397280701
"1/10/2022";"t_instalacion_electrica";170,018683475504
"1/10/2022";"b_carpinteria_metalica_y_herreria";175,912600528367
"1/10/2022";"n_carpinteria_de_madera";180,036746210547
"1/10/2022";"io_ascensores";160,736025159785
"1/10/2022";"ii_vidrios";176,163379842544
"1/10/2022";"i2_pintura";157,308429675245
"1/10/2022";"ie_otros_trabajos_y_gastos";162,471245793806
"1/11/2022";"i_movimiento_de_tierras";170,999164880601
"1/11/2022";"2_estructura";179,171767748325
"1/11/2022";"e_albanileria";176,147158591906
"1/11/2022";"4_yeseria";183,957140327056
"1/11/2022";"m_instalacion_sanitaria_y_contraincendio";192,514120789606
"1/11/2022";"6_instalacion_de_gas";177,36312000976
"1/11/2022";"t_instalacion_electrica";185,846795500868
"1/11/2022";"b_carpinteria_metalica_y_herreria";183,093719440106
"1/11/2022";"n_carpinteria_de_madera";189,303134364269
"1/11/2022";"io_ascensores";171,489804200061
"1/11/2022";"ii_vidrios";193,632590225271
"1/11/2022";"i2_pintura";167,419973276012
"1/11/2022";"ie_otros_trabajos_y_gastos";173,003364955039
"1/12/2022";"i_movimiento_de_tierras";175,546769606326
"1/12/2022";"2_estructura";185,891439811822
"1/12/2022";"e_albanileria";182,79765693613
"1/12/2022";"4_yeseria";192,765216364602
"1/12/2022";"m_instalacion_sanitaria_y_contraincendio";201,188379189719
"1/12/2022";"6_instalacion_de_gas";189,90632921688
"1/12/2022";"t_instalacion_electrica";197,463576658866
"1/12/2022";"b_carpinteria_metalica_y_herreria";188,129260140411
"1/12/2022";"n_carpinteria_de_madera";199,361315864302
"1/12/2022";"io_ascensores";185,829867099523
"1/12/2022";"ii_vidrios";208,88221997038
"1/12/2022";"i2_pintura";172,798175797362
"1/12/2022";"ie_otros_trabajos_y_gastos";184,148590330982
"1/1/2023";"i_movimiento_de_tierras";195,70293109389
"1/1/2023";"2_estructura";198,358254123279
"1/1/2023";"e_albanileria";195,33079259695
"1/1/2023";"4_yeseria";206,071787000413
"1/1/2023";"m_instalacion_sanitaria_y_contraincendio";216,016242009246
"1/1/2023";"6_instalacion_de_gas";199,605525356179
"1/1/2023";"t_instalacion_electrica";211,477126896656
"1/1/2023";"b_carpinteria_metalica_y_herreria";207,931341497234
"1/1/2023";"n_carpinteria_de_madera";208,10713270194
"1/1/2023";"io_ascensores";194,524196002841
"1/1/2023";"ii_vidrios";218,339309377192
"1/1/2023";"i2_pintura";181,325161215361
"1/1/2023";"ie_otros_trabajos_y_gastos";195,960152848805
"1/2/2023";"i_movimiento_de_tierras";204,312836894757
"1/2/2023";"2_estructura";212,668335694733
"1/2/2023";"e_albanileria";207,339397797133
"1/2/2023";"4_yeseria";219,286852824842
"1/2/2023";"m_instalacion_sanitaria_y_contraincendio";226,767889779277
"1/2/2023";"6_instalacion_de_gas";212,514741964782
"1/2/2023";"t_instalacion_electrica";224,811278025213
"1/2/2023";"b_carpinteria_metalica_y_herreria";214,960664399457
"1/2/2023";"n_carpinteria_de_madera";219,510487980927
"1/2/2023";"io_ascensores";202,873592370904
"1/2/2023";"ii_vidrios";237,406461922208
"1/2/2023";"i2_pintura";191,769302271539
"1/2/2023";"ie_otros_trabajos_y_gastos";207,070207790726
"1/3/2023";"i_movimiento_de_tierras";215,223117039356
"1/3/2023";"2_estructura";220,185152069549
"1/3/2023";"e_albanileria";214,186494347802
"1/3/2023";"4_yeseria";226,058208867111
"1/3/2023";"m_instalacion_sanitaria_y_contraincendio";245,684372441511
"1/3/2023";"6_instalacion_de_gas";225,533760793829
"1/3/2023";"t_instalacion_electrica";234,894693138069
"1/3/2023";"b_carpinteria_metalica_y_herreria";222,14616204224
"1/3/2023";"n_carpinteria_de_madera";231,747194820534
"1/3/2023";"io_ascensores";212,932433803388
"1/3/2023";"ii_vidrios";254,828903266038
"1/3/2023";"i2_pintura";212,916109916923
"1/3/2023";"ie_otros_trabajos_y_gastos";214,315317199293
"1/4/2023";"i_movimiento_de_tierras";229,799746544182
"1/4/2023";"2_estructura";237,117762768753
"1/4/2023";"e_albanileria";231,786868206686
"1/4/2023";"4_yeseria";246,121376704646
"1/4/2023";"m_instalacion_sanitaria_y_contraincendio";262,930342951183
"1/4/2023";"6_instalacion_de_gas";240,786780354892
"1/4/2023";"t_instalacion_electrica";251,399373443044
"1/4/2023";"b_carpinteria_metalica_y_herreria";248,552829390043
"1/4/2023";"n_carpinteria_de_madera";250,348870272753
"1/4/2023";"io_ascensores";230,86385309932
"1/4/2023";"ii_vidrios";277,963013485073
"1/4/2023";"i2_pintura";224,366757683146
"1/4/2023";"ie_otros_trabajos_y_gastos";245,438299652098
"1/5/2023";"i_movimiento_de_tierras";248,768636886581
"1/5/2023";"2_estructura";254,229885689918
"1/5/2023";"e_albanileria";249,066561384567
"1/5/2023";"4_yeseria";262,6217604345
"1/5/2023";"m_instalacion_sanitaria_y_contraincendio";286,554031144301
"1/5/2023";"6_instalacion_de_gas";264,966313763234
"1/5/2023";"t_instalacion_electrica";275,157582848947
"1/5/2023";"b_carpinteria_metalica_y_herreria";273,229897975567
"1/5/2023";"n_carpinteria_de_madera";274,400139985564
"1/5/2023";"io_ascensores";249,974637313584
"1/5/2023";"ii_vidrios";305,776950658664
"1/5/2023";"i2_pintura";237,534131179922
"1/5/2023";"ie_otros_trabajos_y_gastos";261,498830820707
"1/6/2023";"i_movimiento_de_tierras";272,270531965217
"1/6/2023";"2_estructura";266,288154944496
"1/6/2023";"e_albanileria";260,441862526287
"1/6/2023";"4_yeseria";273,460652931106
"1/6/2023";"m_instalacion_sanitaria_y_contraincendio";306,279306323964
"1/6/2023";"6_instalacion_de_gas";291,675364990714
"1/6/2023";"t_instalacion_electrica";285,664678795199
"1/6/2023";"b_carpinteria_metalica_y_herreria";292,693357465006
"1/6/2023";"n_carpinteria_de_madera";294,956145147532
"1/6/2023";"io_ascensores";270,898853606574
"1/6/2023";"ii_vidrios";327,301426455686
"1/6/2023";"i2_pintura";249,275257073142
"1/6/2023";"ie_otros_trabajos_y_gastos";291,160814433186
"1/7/2023";"i_movimiento_de_tierras";293,312620814913
"1/7/2023";"2_estructura";288,136374265788
"1/7/2023";"e_albanileria";283,249671664881
"1/7/2023";"4_yeseria";296,094810791664
"1/7/2023";"m_instalacion_sanitaria_y_contraincendio";331,312179025976
"1/7/2023";"6_instalacion_de_gas";309,581260421044
"1/7/2023";"t_instalacion_electrica";310,164565562014
"1/7/2023";"b_carpinteria_metalica_y_herreria";312,841358574285
"1/7/2023";"n_carpinteria_de_madera";318,988823027625
"1/7/2023";"io_ascensores";296,436542558588
"1/7/2023";"ii_vidrios";348,651492711825
"1/7/2023";"i2_pintura";268,815720676233
"1/7/2023";"ie_otros_trabajos_y_gastos";315,11092945001
"1/8/2023";"i_movimiento_de_tierras";316,473460139109
"1/8/2023";"2_estructura";326,724624124792
"1/8/2023";"e_albanileria";316,748716874411
"1/8/2023";"4_yeseria";342,163055670347
"1/8/2023";"m_instalacion_sanitaria_y_contraincendio";392,815970757767
"1/8/2023";"6_instalacion_de_gas";384,592443980534
"1/8/2023";"t_instalacion_electrica";368,970332905563
"1/8/2023";"b_carpinteria_metalica_y_herreria";375,042692627676
"1/8/2023";"n_carpinteria_de_madera";390,73251820906
"1/8/2023";"io_ascensores";363,246931114944
"1/8/2023";"ii_vidrios";394,630329721724
"1/8/2023";"i2_pintura";321,980479869866
"1/8/2023";"ie_otros_trabajos_y_gastos";343,354689074352
"1/9/2023";"i_movimiento_de_tierras";369,082478260615
"1/9/2023";"2_estructura";382,361720566186
"1/9/2023";"e_albanileria";375,116629468782
"1/9/2023";"4_yeseria";368,029399610367
"1/9/2023";"m_instalacion_sanitaria_y_contraincendio";433,382952506182
"1/9/2023";"6_instalacion_de_gas";432,833575078963
"1/9/2023";"t_instalacion_electrica";398,448705367253
"1/9/2023";"b_carpinteria_metalica_y_herreria";406,998671784916
"1/9/2023";"n_carpinteria_de_madera";430,636059406374
"1/9/2023";"io_ascensores";405,212032058436
"1/9/2023";"ii_vidrios";440,667628030244
"1/9/2023";"i2_pintura";349,00656480567
"1/9/2023";"ie_otros_trabajos_y_gastos";393,425980494667
"1/10/2023";"i_movimiento_de_tierras";376,310641056338
"1/10/2023";"2_estructura";395,684141023701
"1/10/2023";"e_albanileria";384,967488780205
"1/10/2023";"4_yeseria";418,029399610367
"1/10/2023";"m_instalacion_sanitaria_y_contraincendio";506,041961280505
"1/10/2023";"6_instalacion_de_gas";486,747820900378
"1/10/2023";"t_instalacion_electrica";440,799803729146
"1/10/2023";"b_carpinteria_metalica_y_herreria";484,82185862537
"1/10/2023";"n_carpinteria_de_madera";499,84470351495
"1/10/2023";"io_ascensores";448,123161205235
"1/10/2023";"ii_vidrios";490,684192064853
"1/10/2023";"i2_pintura";386,559577063847
"1/10/2023";"ie_otros_trabajos_y_gastos";418,108971312333
"1/11/2023";"i_movimiento_de_tierras";428,649267372527
"1/11/2023";"2_estructura";437,133581853447
"1/11/2023";"e_albanileria";427,726792951471
"1/11/2023";"4_yeseria";476,633803648385
"1/11/2023";"m_instalacion_sanitaria_y_contraincendio";564,487557992408
"1/11/2023";"6_instalacion_de_gas";588,468055687348
"1/11/2023";"t_instalacion_electrica";488,682343172039
"1/11/2023";"b_carpinteria_metalica_y_herreria";527,107264314801
"1/11/2023";"n_carpinteria_de_madera";555,084319429559
"1/11/2023";"io_ascensores";522,958303743533
"1/11/2023";"ii_vidrios";549,337438615637
"1/11/2023";"i2_pintura";450,726195317493
"1/11/2023";"ie_otros_trabajos_y_gastos";453,178646793787
"1/12/2023";"i_movimiento_de_tierras";545,379103327045
"1/12/2023";"2_estructura";576,188838604069
"1/12/2023";"e_albanileria";519,315773783146
"1/12/2023";"4_yeseria";613,102898636283
"1/12/2023";"m_instalacion_sanitaria_y_contraincendio";801,173493437864
"1/12/2023";"6_instalacion_de_gas";885,927693204463
"1/12/2023";"t_instalacion_electrica";688,453989582547
"1/12/2023";"b_carpinteria_metalica_y_herreria";720,200545881803
"1/12/2023";"n_carpinteria_de_madera";771,868369824362
"1/12/2023";"io_ascensores";675,65942984681
"1/12/2023";"ii_vidrios";754,226751890249
"1/12/2023";"i2_pintura";658,952535874049
"1/12/2023";"ie_otros_trabajos_y_gastos";520,011976958613
"1/1/2024";"i_movimiento_de_tierras";618,752226498396
"1/1/2024";"2_estructura";658,999683618306
"1/1/2024";"e_albanileria";610,097412799833
"1/1/2024";"4_yeseria";728,431430426826
"1/1/2024";"m_instalacion_sanitaria_y_contraincendio";962,020658115629
"1/1/2024";"6_instalacion_de_gas";933,763504995323
"1/1/2024";"t_instalacion_electrica";749,024307390352
"1/1/2024";"b_carpinteria_metalica_y_herreria";793,173558302803
"1/1/2024";"n_carpinteria_de_madera";870,452109626195
"1/1/2024";"io_ascensores";945,373845997769
"1/1/2024";"ii_vidrios";870,991503624601
"1/1/2024";"i2_pintura";716,509324347877
"1/1/2024";"ie_otros_trabajos_y_gastos";595,343244425011
"1/2/2024";"i_movimiento_de_tierras";675,692185501626
"1/2/2024";"2_estructura";683,648568716728
"1/2/2024";"e_albanileria";633,332259026194
"1/2/2024";"4_yeseria";752,892732746915
"1/2/2024";"m_instalacion_sanitaria_y_contraincendio";1007,50903482439
"1/2/2024";"6_instalacion_de_gas";956,563054941778
"1/2/2024";"t_instalacion_electrica";779,210387257492
"1/2/2024";"b_carpinteria_metalica_y_herreria";807,14025075533
"1/2/2024";"n_carpinteria_de_madera";941,690544412607
"1/2/2024";"io_ascensores";1049,69818403165
"1/2/2024";"ii_vidrios";958,214786811131
"1/2/2024";"i2_pintura";766,586301051531
"1/2/2024";"ie_otros_trabajos_y_gastos";821,899773768559
"1/3/2024";"i_movimiento_de_tierras";719,750281779797
"1/3/2024";"2_estructura";742,575346988184
"1/3/2024";"e_albanileria";703,960164691285
"1/3/2024";"4_yeseria";833,3225101836
"1/3/2024";"m_instalacion_sanitaria_y_contraincendio";1063,08002745594
"1/3/2024";"6_instalacion_de_gas";978,415052393282
"1/3/2024";"t_instalacion_electrica";807,412999169623
"1/3/2024";"b_carpinteria_metalica_y_herreria";856,387838804314
"1/3/2024";"n_carpinteria_de_madera";1004,47516349876
"1/3/2024";"io_ascensores";1131,50045652836
"1/3/2024";"ii_vidrios";1051,99547899291
"1/3/2024";"i2_pintura";836,572648579562
"1/3/2024";"ie_otros_trabajos_y_gastos";866,469268645083
"1/4/2024";"i_movimiento_de_tierras";804,861212499926
"1/4/2024";"2_estructura";770,722313162854
"1/4/2024";"e_albanileria";744,165303639484
"1/4/2024";"4_yeseria";938,089615679792
"1/4/2024";"m_instalacion_sanitaria_y_contraincendio";1096,31164148494
"1/4/2024";"6_instalacion_de_gas";1004,4219116431
"1/4/2024";"t_instalacion_electrica";824,589529704838
"1/4/2024";"b_carpinteria_metalica_y_herreria";854,268532979142
"1/4/2024";"n_carpinteria_de_madera";1042,39484678143
"1/4/2024";"io_ascensores";1195,22674241656
"1/4/2024";"ii_vidrios";1070,54427469016
"1/4/2024";"i2_pintura";878,511880555394
"1/4/2024";"ie_otros_trabajos_y_gastos";940,119959696584
"1/5/2024";"i_movimiento_de_tierras";851,808938697563
"1/5/2024";"2_estructura";884,764158080801
"1/5/2024";"e_albanileria";882,906430533958
"1/5/2024";"4_yeseria";992,83901056733
"1/5/2024";"m_instalacion_sanitaria_y_contraincendio";1097,71090215926
"1/5/2024";"6_instalacion_de_gas";1005,18781602028
"1/5/2024";"t_instalacion_electrica";878,213935230618
"1/5/2024";"b_carpinteria_metalica_y_herreria";866,369886007035
"1/5/2024";"n_carpinteria_de_madera";1066,75561582712
"1/5/2024";"io_ascensores";1260,35558486355
"1/5/2024";"ii_vidrios";1082,3476108816
"1/5/2024";"i2_pintura";924,398710277116
"1/5/2024";"ie_otros_trabajos_y_gastos";1063,28301743313
"1/6/2024";"i_movimiento_de_tierras";897,754521616744
"1/6/2024";"2_estructura";907,509938511906
"1/6/2024";"e_albanileria";912,811918363401
"1/6/2024";"4_yeseria";1050,487041738
"1/6/2024";"m_instalacion_sanitaria_y_contraincendio";1124,20009758437
"1/6/2024";"6_instalacion_de_gas";1041,67875394814
"1/6/2024";"t_instalacion_electrica";915,902657205404
"1/6/2024";"b_carpinteria_metalica_y_herreria";875,933034606571
"1/6/2024";"n_carpinteria_de_madera";1075,49268356701
"1/6/2024";"io_ascensores";1324,61955970376
"1/6/2024";"ii_vidrios";1118,38607841609
"1/6/2024";"i2_pintura";958,654795793877
"1/6/2024";"ie_otros_trabajos_y_gastos";1120,59181384384
"1/7/2024";"i_movimiento_de_tierras";917,855203144253
"1/7/2024";"2_estructura";915,427046508109
"1/7/2024";"e_albanileria";920,889365165054
"1/7/2024";"4_yeseria";1060,23673180235
"1/7/2024";"m_instalacion_sanitaria_y_contraincendio";1157,14805534192
"1/7/2024";"6_instalacion_de_gas";1075,63746289092
"1/7/2024";"t_instalacion_electrica";941,55657884804
"1/7/2024";"b_carpinteria_metalica_y_herreria";906,829360851225
"1/7/2024";"n_carpinteria_de_madera";1116,5554802161
"1/7/2024";"io_ascensores";1373,7496195597
"1/7/2024";"ii_vidrios";1121,44945046379
"1/7/2024";"i2_pintura";998,668157787719
"1/7/2024";"ie_otros_trabajos_y_gastos";1139,62757362027
"1/8/2024";"i_movimiento_de_tierras";944,36177605952
"1/8/2024";"2_estructura";923,318706411544
"1/8/2024";"e_albanileria";929,437358493606
"1/8/2024";"4_yeseria";1063,49548379479
"1/8/2024";"m_instalacion_sanitaria_y_contraincendio";1179,19550781088
"1/8/2024";"6_instalacion_de_gas";1122,26816142282
"1/8/2024";"t_instalacion_electrica";947,263531365592
"1/8/2024";"b_carpinteria_metalica_y_herreria";934,159940449257
"1/8/2024";"n_carpinteria_de_madera";1162,1481222249
"1/8/2024";"io_ascensores";1413,93425991681
"1/8/2024";"ii_vidrios";1155,89192454595
"1/8/2024";"i2_pintura";1014,92476616511
"1/8/2024";"ie_otros_trabajos_y_gastos";1174,10125282789
"1/9/2024";"i_movimiento_de_tierras";1032,28466475504
"1/9/2024";"2_estructura";972,339298733098
"1/9/2024";"e_albanileria";988,689963016977
"1/9/2024";"4_yeseria";1089,96694019718
"1/9/2024";"m_instalacion_sanitaria_y_contraincendio";1198,59412343596
"1/9/2024";"6_instalacion_de_gas";1139,16008079275
"1/9/2024";"t_instalacion_electrica";969,368536272363
"1/9/2024";"b_carpinteria_metalica_y_herreria";938,893348707544
"1/9/2024";"n_carpinteria_de_madera";1202,0800979899
"1/9/2024";"io_ascensores";1463,7871563356
"1/9/2024";"ii_vidrios";1172,80867565672
"1/9/2024";"i2_pintura";1040,86736768721
"1/9/2024";"ie_otros_trabajos_y_gastos";1242,72447291877
"1/10/2024";"i_movimiento_de_tierras";1037,09915728861
"1/10/2024";"2_estructura";978,839566969751
"1/10/2024";"e_albanileria";993,281820306016
"1/10/2024";"4_yeseria";1095,4572288801
"1/10/2024";"m_instalacion_sanitaria_y_contraincendio";1229,5647571555
"1/10/2024";"6_instalacion_de_gas";1150,70015860321
"1/10/2024";"t_instalacion_electrica";975,854910545783
"1/10/2024";"b_carpinteria_metalica_y_herreria";949,211098623618
"1/10/2024";"n_carpinteria_de_madera";1229,21761193377
"1/10/2024";"io_ascensores";1519,73977883738
"1/10/2024";"ii_vidrios";1185,34082937096
"1/10/2024";"i2_pintura";1048,43141811422
"1/10/2024";"ie_otros_trabajos_y_gastos";1274,21722020494
"1/11/2024";"i_movimiento_de_tierras";1069,20570217189
"1/11/2024";"2_estructura";980,646381556323
"1/11/2024";"e_albanileria";999,345746952325
"1/11/2024";"4_yeseria";1110,98648090206
"1/11/2024";"m_instalacion_sanitaria_y_contraincendio";1233,40280017532
"1/11/2024";"6_instalacion_de_gas";1147,787010804
"1/11/2024";"t_instalacion_electrica";979,088661583754
"1/11/2024";"b_carpinteria_metalica_y_herreria";951,309970370586
"1/11/2024";"n_carpinteria_de_madera";1256,7039961504
"1/11/2024";"io_ascensores";1570,08724764127
"1/11/2024";"ii_vidrios";1241,41788136254
"1/11/2024";"i2_pintura";1064,46871550572
"1/11/2024";"ie_otros_trabajos_y_gastos";1312,6347407844
"1/12/2024";"i_movimiento_de_tierras";1144,02539230172
"1/12/2024";"2_estructura";1104,38601317799
"1/12/2024";"e_albanileria";1146,33996986568
"1/12/2024";"4_yeseria";1184,44713383317
"1/12/2024";"m_instalacion_sanitaria_y_contraincendio";1250,84063148667
"1/12/2024";"6_instalacion_de_gas";1160,30988626659
"1/12/2024";"t_instalacion_electrica";1015,56861931003
"1/12/2024";"b_carpinteria_metalica_y_herreria";951,885043714331
"1/12/2024";"n_carpinteria_de_madera";1269,51923707868
"1/12/2024";"io_ascensores";1607,45155726895
"1/12/2024";"ii_vidrios";1266,2668563411
"1/12/2024";"i2_pintura";1070,36251670249
"1/12/2024";"ie_otros_trabajos_y_gastos";1389,77395866999
"1/1/2025";"i_movimiento_de_tierras";1189,30696769898
"1/1/2025";"2_estructura";1108,46664924275
"1/1/2025";"e_albanileria";1155,36898421574
"1/1/2025";"4_yeseria";1195,83210342995
"1/1/2025";"m_instalacion_sanitaria_y_contraincendio";1259,23784950505
"1/1/2025";"6_instalacion_de_gas";1167,11897951714
"1/1/2025";"t_instalacion_electrica";1019,04016003623
"1/1/2025";"b_carpinteria_metalica_y_herreria";961,462788084013
"1/1/2025";"n_carpinteria_de_madera";1283,00925217087
"1/1/2025";"io_ascensores";1640,59805214568
"1/1/2025";"ii_vidrios";1318,35489905682
"1/1/2025";"i2_pintura";1077,97304362981
"1/1/2025";"ie_otros_trabajos_y_gastos";1421,13077698143
"1/2/2025";"i_movimiento_de_tierras";1226,61578083664
"1/2/2025";"2_estructura";1136,23945967509
"1/2/2025";"e_albanileria";1191,56883757282
"1/2/2025";"4_yeseria";1199,5778971604
"1/2/2025";"m_instalacion_sanitaria_y_contraincendio";1289,64447862654
"1/2/2025";"6_instalacion_de_gas";1179,73403462159
"1/2/2025";"t_instalacion_electrica";1021,78040311014
"1/2/2025";"b_carpinteria_metalica_y_herreria";961,001561747405
"1/2/2025";"n_carpinteria_de_madera";1301,01817625057
"1/2/2025";"io_ascensores";1650,78877954753
"1/2/2025";"ii_vidrios";1332,85719853457
"1/2/2025";"i2_pintura";1080,41886945913
"1/2/2025";"ie_otros_trabajos_y_gastos";1445,42974468166
"1/3/2025";"i_movimiento_de_tierras";1243,69251254139
"1/3/2025";"2_estructura";1131,48135411365
"1/3/2025";"e_albanileria";1186,2840521791
"1/3/2025";"4_yeseria";1232,56685754767
"1/3/2025";"m_instalacion_sanitaria_y_contraincendio";1303,27651938042
"1/3/2025";"6_instalacion_de_gas";1184,19796933671
"1/3/2025";"t_instalacion_electrica";1050,06793991092
"1/3/2025";"b_carpinteria_metalica_y_herreria";970,13121597361
"1/3/2025";"n_carpinteria_de_madera";1323,24963363153
"1/3/2025";"io_ascensores";1673,11808866795
"1/3/2025";"ii_vidrios";1366,68680333619
"1/3/2025";"i2_pintura";1089,60233544414
"1/3/2025";"ie_otros_trabajos_y_gastos";1452,31649588411
